text,label,notes,pre_labeled,reddit_id,source
How often does your entire ARAM team get an S+?. [removed],reaction,Short venting without reasoning,false,1ua5vgm,arctic_post
"Would Rite of Ruin on Yunara be good?. Im currently bugged by the lack of any AP in yunara builds and was trolled by the fact that rite of ruin still apears in clients arsenals as a summoners rift available item. So I was wondering. Would it be good on her? I know she doesnt cast that many spells I think, but I guess 45% crit rate + ap sounds kinda awesome.",hot_take,Review fix: Speculative build question without actionable reasoning,false,1ua5iyp,arctic_post
"What is the MOST LP you've lost in a game? For me its b4 0lp to i1 50lp a total of 50lp LOST!. I've lost like 20-28 per game and win like 16-19 or so a game, but 50 is unreal unless there like something else going in the background, I'm not aware of?! https://preview.redd.it/u29vqnogf98h1.png?width=1032&format=png&auto=webp&s=3a0dab4e553e2453b72918215cb8c09082af31eb",reaction,"The post expresses shock and surprise at losing a large amount of LP in a game, with an emotional tone and no actionable gameplay advice.",false,1ua5g1s,arctic_post
Streamer Velja Drops Derogatory Slur. [https://www.twitch.tv/velja\_lol/clip/LuckySassyChamoisPMSTwin--HvcWILAFgqHdmMI](https://www.twitch.tv/velja_lol/clip/LuckySassyChamoisPMSTwin--HvcWILAFgqHdmMI),reaction,"The post expresses outrage and shock, but does not provide any gameplay advice or opinion with supporting evidence.",false,1ua5az7,arctic_post
Serbian Streamer Velja Drops Derogatory Slur. [https://www.twitch.tv/velja\_lol/clip/LuckySassyChamoisPMSTwin--HvcWILAFgqHdmMI](https://www.twitch.tv/velja_lol/clip/LuckySassyChamoisPMSTwin--HvcWILAFgqHdmMI),reaction,"The post expresses outrage and shock, but does not provide any gameplay advice or opinion with supporting evidence.",false,1ua58dh,arctic_post
"Shouldnt minions aggro Malphite here?. I was waiting for the enemy malphite to get minion aggro from attacking me under his turret so id finish him off with q e auto, but it never happened, minions kept attacking turret, did I do anything wrong here?",reaction,Review fix: Replay confusion question,false,1ua4rtj,arctic_post
Where are the Nations cup playoffs going to be streamed?. I've been looking like crazy in the official competition site and I'd very much like to watch my national team and other games but I just can't seem to find where the games will be streamed if they're streamed at all. Anyone know anything? I'm mostly looking for the european games.,reaction,"The post expresses frustration and is seeking information, but does not provide any gameplay advice or opinion.",false,1ua4rq7,arctic_post
Malphite bots flooding iron ranked games?. [removed],hot_take,Bold opinion about balance with little supporting evidence,false,1ua3zl5,arctic_post
[Item Concept] Galeforce Rework – Replacing the Dash with Stacking Movement Speed. [removed],hot_take,"Review fix: Rework concept post, not current-game advice",false,1ua3y3s,arctic_post
Besoin d'une analyse pour cette action s il vous plait. [removed],reaction,Texte demande une analyse mais ne fournit pas de details sur une situation de jeu specifique,false,1ua3tbb,arctic_post
"What about a grandma character, R?. [removed]",reaction,Short mention of a character without any gameplay claim or reasoning,false,1ua3gyi,arctic_post
"What about a grand-ma character, R?. [removed]",reaction,short mention of a champion without gameplay context or reasoning,false,1ua3eog,arctic_post
difficulty in finding the name of the email this account is linked to. [removed],reaction,expresses frustration without providing gameplay advice or opinion,false,1ua3d79,arctic_post
"What about a grand-ma character, R?. [removed]",reaction,short hype/venting without reasoning,false,1ua389e,arctic_post
How do you deal with Sivir/Karma as a Yunara. I recently got absoluetly stomped by a Sivir Karma lane and genuinly wanna know on how to deal with that lane. The Karma Ult Q is not dodgable in an open field so you have to stand behind minions. The question is more like how to deal with it when sivir has a BF where she can clear the wave in 3 seconds?,reaction,Review fix: Asking for advice after a loss,false,1ua31wr,arctic_post
My fanart of Aurora from LoL that went a bit viral on Twitter!. [removed],reaction,Short hype post about fanart going viral,false,1ua2d35,arctic_post
"My fanart of Aurora from LoL that went a bit viral on Twitter, hope you guys like it!",reaction,Short hype post with no gameplay claim,false,1ua2avl,arctic_post
"MSI prep call - T1, HLE, BLG, TES, w/Aux and Emily Rand | JLXP ep: 132",reaction,Short hype or venting without reasoning,false,1ua1r0l,arctic_post
"Is there a way to stop the launcher reopen after closing LoL?. Everytime i close LoL the launcher opens and if i close it instatly it reopens again. Is there a way how i can block it from reopening? I hate the ""new"" client so much its like it wants to annoy me!",reaction,"The post expresses frustration and hatred towards the new client, with no actionable advice or evidence provided.",false,1ua1fbb,arctic_post
"EKKO: Ekko needs Locke's E takedown reset. And give Q2 an activatable so we can call back the disk when we want instead of letting the enemy know exactly when to dodge it. Just imagine the possibilities, and it wouldn't be unbalanced, it's just skill expression.",hot_take,"The post presents a bold opinion about Ekko's abilities with little supporting evidence, and mixes it with a confident tone about balance and skill expression.",false,1ua1awh,arctic_post
How to properly learn and master Olaf as a Bronze 4 player? Looking for a structured learning roadmap,reaction,"Review fix: Asking for a learning roadmap, not giving advice",false,1ua0ibg,arctic_post
"Former LCK Caster & Former Cloud9 Head Coach Nick ‘LS’ De Cesare has joined T1’s Riftbound TCG team!. 𝐖𝐄𝐋𝐂𝐎𝐌𝐄, ‘𝐋𝐒’ T1 Riftbound 팀에 ‘LS’ Nick De Cesare 선수가 합류하였습니다. TCG 플레이어로 T1과 함께 새로운 도전을 시작하는 ‘LS’ 선수를 따뜻하게 맞아 주세요! We are pleased to announce that ‘LS’ is joining T1's Riftbound team! Please give a warm welcome to 'LS' as he embarks on a new challenge with T1 as a TCG player! https://x.com/t1\_official\_gg/status/2067910269523910972?s=46",reaction,"Post is an announcement with a welcoming tone, expressing excitement and enthusiasm",false,1ua0doy,arctic_post
Should i have flashed the Syndra Q? What should i have done to survive this.,reaction,Review fix: Replay review question,false,1u9zwnt,arctic_post
Still one of the most insane piece I ever did!,reaction,Short hype without reasoning,false,1u9zjdt,arctic_post
What are league of legends redeem codes?. [removed],reaction,"The question seems to be seeking information, but the context provided is incomplete and lacks specific details about League of Legends redeem codes, thus it's more of an inquiry than a strategy tip or hot take.",false,1u9z6o3,arctic_post
the new augments on aram mayhem are good sometimes. So uh getting a W reset whenever i use another ability on qiyana is quite a fun https://preview.redd.it/o9ijzzpi188h1.png?width=1231&format=png&auto=webp&s=5221e968b762492348de04b6dad8247d1f009032,reaction,short hype with no in-depth gameplay analysis,false,1u9yzho,arctic_post
"kai'sa ADC or bard SUPP ?. hello everyone, I'm getting back into ranked and I'd like to focus on a single champion in a single role (OTP). I managed to climb to Gold playing a bit of everything, but now I want to commit to one champ, have some impact on my games, and carry. I love playing Kai'Sa ADC, but I also really enjoy Bard support. Which one would you recommend OTPing? Thanks!",hot_take,Asks for recommendation between two champions without providing specific gameplay reasoning or evidence,false,1u9ywn8,arctic_post
"League and TFT separation. With the clients' departure, will League installation size get smaller? I feel like I download some assets I don't really use and at this point in my life storage is everything. Will there be a significant reduction? And also is there an update which ""cleans up old TFT stuff""?",reaction,"Review fix: Client/install question, not gameplay advice",false,1u9ywdz,arctic_post
Some new gen said Mobile legend is better than LOL. Is that true ?. I am not certain how this goes but I think MLBB is somehow good too but I have never play LOL yet hahahah,reaction,"Short hype and venting without reasoning, comparing two games with no specific gameplay claim",false,1u9yv16,arctic_post
"Hypothetical* if you were to pick a champ and once you move to lane, you are not allowed to move for the rest of the match, who would you play?. Rules: \-Movement abilitys are only allowed if you end up returning to the original location. &#x200B; \-Being yummi and attaching to a teamate doesnt count of ""not moving"" &#x200B; Once/if you die, you must go back to the starting position. &#x200B; You are not allowed to back for items unless you die. &#x200B; Rules will be revised as needed.",hot_take,Review fix: Hypothetical balance thought experiment,false,1u9yqbw,arctic_post
"Challenger with Gold map movement vs Gold with Challenger map movement. Who do you think would climb higher, a challenger player who moves where a gold player tells them to or a gold player who moves where a challenger player tells them to on the map?",hot_take,"The post presents a hypothetical scenario with a bold opinion, but lacks specific in-game reasoning or evidence to support the claim.",false,1u9yg7a,arctic_post
"Is it even possible to make MOBA kids game skill based at all?. It's not, right? It's an embarrassment to the whole esport scene a button mashing brain-dead game existing, no?",hot_take,"Confident tone with little supporting evidence, expressing a bold opinion about the game and its place in esports",false,1u9yg2s,arctic_post
"Olá, pessoal, estou começando a fazer live na roxinha, me da uma forcinha lá se possivel, sou iniciante e estou em busca do afiliado, não sei se estou postando na aba certa Procura la twitch.tv/renaogk. [removed]",reaction,Short hype and introduction without gameplay claim,false,1u9y1u4,arctic_post
"New to league. Is aatrox an “honorable” main for top lane?. Ive heard about some champs being… cheesy or unfun to be up against? Ambessa, teemo, is aatrox one of them?",hot_take,Asks for opinion on Aatrox being an 'honorable' main with little context on what 'honorable' means in terms of gameplay,false,1u9xvls,arctic_post
"How can I Improve my knowledge in mechanics, macro and more. [removed]",reaction,Review fix: General help question,false,1u9xqo1,arctic_post
LCS Studio Audience. I'm traveling to LA in August and I'm only seeing tickets for opening weekend. I'm hearing rumors of no studio audience for any other week. Is this confirmed to not have an audience anymore? Feels crazy to have no fan engagement like that.,reaction,expresses feeling and concern about the lack of studio audience,false,1u9xpos,arctic_post
Hextech ARAM — Volibear 1v5 pentakill. [removed],reaction,Short hype post without reasoning,false,1u9xejw,arctic_post
Riot updated their reporting form and you can't report people at present.. [removed],reaction,Expresses frustration about a current issue with the reporting form,false,1u9xcm4,arctic_post
Guys I unbound my alt key from the item shop price pls help. You know when you alt click an item in the shop and it says how much gold you need to afford the item? I unbound this key and now I absolutely cannot find where in the options to rebind this after going through every hotkey 3 times over... PLEASE HELP,reaction,"The post is an immediate emotional response to a problem, expressing frustration and asking for help.",false,1u9x7vg,arctic_post
"Why did i teleport glitch here as Neeko?. Can anyone tell me how and why i teleported glitched here as Neeko? I ult the yasuo, freeze for a sec then teleport to the left. I have never seen this before and i played Neeko since her release. So i doubt its a Neeko thing. IT could just be league being its broken self? It only happened once so idk wtf i did",reaction,"Expresses confusion and frustration about a glitch, without providing actionable advice or evidence",false,1u9wk5v,arctic_post
ENC qualifiers today. Where to watch the esports World Cup qualifiers today? Are they even going to broadcast them all since they are so many at the same time?,reaction,"The post expresses curiosity and inquiry about watching the ENC qualifiers, but lacks specific gameplay advice or opinion.",false,1u9vsce,arctic_post
"LoL does not have skill based matchmaking, patents regarding Engagement Optimized Matchmaking (EOMM) revealed!. [removed]",hot_take,Bold opinion about matchmaking with little supporting evidence,false,1u9uyig,arctic_post
"LoL does not have skill based matchmaking, patents regarding Engagement Optimized Matchmaking (EOMM) revealed!. [removed]",hot_take,Bold opinion about matchmaking with little supporting evidence,false,1u9ux8m,arctic_post
"Locke on-hit build W + on-hit passive focus vs master yi ult. This build focuses on locke's on hit passive scaling with his ap, i thought this would be a cool build.I Dont know if i chose the best items youll have to tell me.",strategy_tip,"Post discusses a specific build and its focus, seeking feedback on item choices",false,1u9u1ik,arctic_post
"How does draft sbmm work. Im asking bc I just played a game where my toplaner is so new he can’t even tell even queued ranked, his laner is over level 400 and was emerald last season on toplane I hears there’s “sbmm” but how the fuck is this matchup skill based",hot_take,The post expresses a bold opinion about the matchmaking system with a confident tone and little supporting evidence.,false,1u9tmr9,arctic_post
An unreasonable number of good games have been unjustly lost due to the egoistical reluctance to play tanks,hot_take,Bold opinion about team composition with little supporting evidence,false,1u9td72,arctic_post
I never report for cheating but this midlaner felt off. Vindication. [removed],reaction,Expresses emotional response and vindication without providing gameplay advice or evidence,false,1u9sdh7,arctic_post
"Fighter Jet Hecarim no CDs on Q with dash - ARAM Mayhem. Blessed by Riot with these arguments to make it happen. Quickstep (Q), Outlaw's Grit, Ethereal Weapon, and Mystic Punch",hot_take,"Confident tone with little supporting evidence, suggesting a specific and unusual build",false,1u9s8f7,arctic_post
Your game rquires a system restart to play.. [removed],reaction,expresses frustration without providing gameplay advice or opinion,false,1u9rr9j,arctic_post
Dr Mundo Boss merece uma variante?. [removed],hot_take,Opinion about Dr. Mundo deserving a variant with no supporting evidence,false,1u9ppxg,arctic_post
"Sacrifice is the best Worlds song. I've been listening nonstop to LoL songs this morning and I read the comments under Sacrifice MV that it is underwhelming compared to the previous Worlds songs. I also thought the same when I first heard and watch the MV. But when I heard the live version during the opening ceremony last year, my view changed and I started to love it. I don't know if it's because of the Anyma remix or G.E.M's beautiful voice. Now, I feel like I've transcended everytime I hear it.",reaction,Expresses personal emotional response to a song without providing gameplay advice or argument,false,1u9ppjm,arctic_post
Worst banning game of all time. Just took a 10 min for being 10 sec around my pc are they actually out of their mind???? Are they legit okay in their head? Fuck thèse asshole that are solding us a 800$ skin,reaction,"Expresses immediate emotional response with strong language, no actionable advice or evidence",false,1u9piz9,arctic_post
Vocês acham que Dr mundo merece uma variante mítica de skin?. [removed],hot_take,Opinião ousada sobre um campeão sem evidências,false,1u9pic9,arctic_post
Dr mundo Boss merece uma skin variante mítica?. [removed],hot_take,Confident opinion about Dr. Mundo deserving a mythic skin variant with no supporting evidence,false,1u9pfvt,arctic_post
So sick of matchmaking diff. Anybody else often get matched with low level players while the enemy team is the second coming of T1? Honestly tired of having 3 level 20-40 players with 0 mastery on their champs and their entire enemy team is level 250+ and 30+ mastery. Just makes the game lost before it even started.,reaction,Expresses frustration and emotional response to matchmaking issues without providing actionable advice or evidence,false,1u9parv,arctic_post
Dr Mundo Boss merece uma Skin Variante mítica?,hot_take,opinion about a champion deserving a skin with no supporting evidence,false,1u9paja,arctic_post
Dr mundo Boss merece uma variante mitica?,hot_take,Opinion about Dr. Mundo deserving a mythic variant with no supporting evidence,false,1u9p7sg,arctic_post
Question for people who daily drive Linux. What are y'all doing re: daily driving but needing Windows for LoL? Are you dual booting? Other things? LoL is one of the few things I see making me force myself dual booting but not sure what is possible.,reaction,"The post expresses a personal dilemma and seeks advice, but doesn't provide actionable gameplay advice or a bold opinion.",false,1u9p7fp,arctic_post
Qual seria a variante de skin mítica melhor do jogo Dr mundo Boss ou Nasus infernal?. [View Poll](https://www.reddit.com/poll/1u9p4z7),hot_take,Opinião ousada sobre skins sem evidências,false,1u9p4z7,arctic_post
Support players have access to some of the most impactful champions in the game yet will still Velkoz and Lux. Any mage support players wanna chime in on this one? I'll give Brand players a pass because of how insane he is in teamfights though Thoughts?,hot_take,The post expresses a bold opinion about support champions with little supporting evidence.,false,1u9p13b,arctic_post
Você compraria a skin variante mítica do Dr mundo Boss ou do Nasus infernal? Cada uma $100,hot_take,Opinião ousada sobre compras de skins sem evidência ou justificativa,false,1u9p044,arctic_post
"Do you know where to watch enc elimination match?. Since I cannot find it anywhere, can you tell me where to watch it on live? Is it on YouTube or twitch?",reaction,short question without gameplay claim or reasoning,false,1u9oyts,arctic_post
"Perfectly Balanced Hecarim - Sincerely, Riot (Mayhem)",hot_take,Sarcastic opinion about Hecarim's balance with no supporting evidence,false,1u9oj1y,arctic_post
"Banned for picking Irelia support. I played this a few times before, worked each time. Very good engage, huge dmg and really good ult for a support. I got banned for 3 days before we even got queued. Riot games just cant make a good game I guess",hot_take,"Post expresses a bold opinion about the game and its balance with little supporting evidence, and includes a rant about the game developer.",false,1u9o4lp,arctic_post
Help ya boy grow in the league community. [removed],reaction,Short hype without reasoning,false,1u9nuc7,arctic_post
🌙 LUNAR ESPORTS ABRE TRYOUTS FEMENINOS 🌙. [removed],reaction,Immediate emotional response to an esports announcement without providing gameplay advice or opinion,false,1u9no4i,arctic_post
At this point I wouldn't be surprised if he stays. The time to ditch him was when Honda initially lodged its complaint. The fact that he wasn't immediately out on his ear and Honda have now walked suggests that Liquid were reluctant to release him and may now have the opinion that they may as well keep him.,hot_take,post expresses a bold opinion about a player's situation with little supporting evidence,false,mt46cc3,pullpush_comment
"This is false information. Faker has solo killed Chovy technically, it was in 2023, Faker Ahri vs Chovy Gragas. Faker diver Chovy under tower killed him solo and then died to tower, so they went 1 for 1.",reaction,short emotional response to a past play with no actionable advice,false,mt46bk5,pullpush_comment
Leave is legitimately a disgusting player Jiejie was right,hot_take,Confident opinion with little supporting evidence,false,mt46b0j,pullpush_comment
The game mode just kinda sucks to me. It’s worse ARAM mixed with worse nexus blitz,hot_take,bold opinion about game mode with little supporting evidence,false,mt46ayl,pullpush_comment
"Hmm, so its a matchmaking feature which makes people play the game because noone wants to be in que for 5 hours? So its in some way... something riot optimized in a way.. to hmm increase the amount of time people are willing to spend playing league of legends? Maybe we could name it something... how does.. dont judge it too quickly im just coming up with this now. Engagement optimized matchmaking with fair matchmaking mostly in mind?",hot_take,post presents an opinion about matchmaking with some speculative reasoning but lacks concrete evidence or actionable advice,false,mt46a8z,pullpush_comment
"I would recommend instead of role, focus on finding a champion that suits you. One you feel comfortable playing, and which suits your playstyle. Then simply choose the roles in which the champion can be played.",strategy_tip,Provides actionable advice on choosing a champion and role based on playstyle,false,mt469ju,pullpush_comment
"oof that apology sucks, no wonder honda dropped out, he probably just wanted to wait this out to blow over",reaction,Short emotional response to a situation without providing any in-game reasoning or advice,false,mt469em,pullpush_comment
intent or not he did something which is extremely insentive to japan as a nation its like if a japanese player used a gif of the two buildings going down towards an american team while having an american sponsorship. you could of not meant it that way but what you did was not think twin about it. even then in this case that gif only comes with Hiroshima being typed not imploding or explosion so it was very purposeful.,reaction,"The post expresses an emotional response to an action, focusing on the perceived insensitivity and hurt caused, rather than providing gameplay advice or analysis.",false,mt4671i,pullpush_comment
man peyz and missing on game 2 just don't want to give nip a chance and whats up with tons of penta this year,reaction,expresses frustration and surprise without providing in-game reasoning,false,mt466v4,pullpush_comment
"You need that regardless since statistics as in math are often misleading at first glance. U.gg makes you guess about the data a lot of the times, since all it does is shows you the highest winrate choices. Having to guess and having to use critical thinking skills are not the same. Lolalytics gives you all the relevant info you might need.",hot_take,Review fix: Opinion on stats sites/overlays,false,mt464zq,pullpush_comment
Idk... he sounds kinda presidential to me,reaction,short emotional response without reasoning,false,mt464k1,pullpush_comment
He lacks mobility- but he makes up for it by restricting yours (his ghoul wall). I’ve played him several times and he’s a champion you play when you want to disguise or mitigate common mistakes that you make in lane- he’s more forgiving with common player mistakes which is part of his allure I suppose,strategy_tip,Provides actionable gameplay advice on champion pick and playstyle,false,mt462zx,pullpush_comment
"Lol columbine doesn't even come close to Hiroshima, pearl harbor would be the closest thing or 9/11 but neither of those still really compare to the level of Hiroshima. How that tweet ever made it out is absolutely beyond me.",reaction,emotional response without gameplay claim,false,mt4622w,pullpush_comment
you can't help wave management in low elo. it will 99% of the time translate wrong and end up with the guy inting,hot_take,bold opinion about teaching wave management in low elo with little supporting evidence,false,mt461vt,pullpush_comment
"No, they are 2 different gifs. I have seen both on twitter and the are not the same. That is my point",reaction,short emotional response without gameplay claim,false,mt4600q,pullpush_comment
"Their Dell Omniplex Esports gaming pc can't handle it, so no one should have it",hot_take,bold opinion with little supporting evidence,false,mt45vq8,pullpush_comment
Nobody that makes a post like this is hiding from a girlfriend,reaction,Short venting without reasoning,false,mt45ur3,pullpush_comment
"Thats what happens when you have to mute all or else you risk getting banned because some snowflake was offended by literally anything. Expressing your frustration is labeled as toxic and gets you banned, meanwhile the real toxic people are the ones who will use anything as an excuse to report you",hot_take,post expresses a bold opinion about the reporting system with little supporting evidence,false,mt45tqv,pullpush_comment
"I think top, mid and adc are all great for learning the game. Jungle is just too overwhelming for beginners, and its very different and unique to all other roles anyway. Support is technically ok, but I think you can pick up some bad habits if its your starting role.",strategy_tip,Provides actionable advice for learning the game with specific role recommendations and reasoning,false,mt45smr,pullpush_comment
"This player is dumb as hell, 10 million dollar joke",reaction,Expresses immediate emotional response with no actionable or verifiable game info,false,mt45rnu,pullpush_comment
??? Do you understand how gif works? Both the mushroom cloud and city bombing is in the gif.,reaction,Short emotional response without gameplay claim,false,mt45rh0,pullpush_comment
whose fault was the worlds series vs. t1 last year when he had kiin and canyon? genuine question,reaction,The post is asking for an opinion on a past match and expresses a questioning tone without providing specific gameplay analysis or evidence.,false,mt45omh,pullpush_comment
It's not a proof of EOMM existence it's a feature to prevent matchmaking to go on eternally. Like you're legitimately clueless.,reaction,short emotional response with no specific gameplay claim,false,mt45opq,pullpush_comment
The esport already declining at losing more money and they just lose the biggest sponsorship they have? o7 Team Liquid.,reaction,Expresses concern and disappointment without providing specific evidence or actionable advice,false,mt45ntf,pullpush_comment
"They literally have no idea what the term ""bloatware"" is lol. Something you willingly download that might be a bit more resource heavy when you use it then you anticipated doesn't make it bloatware lmao",reaction,short hype/venting without reasoning,false,mt45mz0,pullpush_comment
sponsorship was probably coming to an end soon anyways but buddy still dumb as bricks,reaction,short venting without reasoning,false,mt45m08,pullpush_comment
I have 62% wr https://op.gg/lol/summoners/euw/doreori-yay ignore the 2 last games I was tilted we had a 25% wr jungler against a 84% wr heca,reaction,short emotional response to recent match results with personal excuse,false,mt45l67,pullpush_comment
"I got muted and punished for saying ""I can't get this fat ass off me"" to my team while getting stomped by gragas. I don't type any more",reaction,Expresses frustration and emotional response to a gameplay situation,false,mt45k07,pullpush_comment
Its not a gotcha lmao. Its literal proof of eomms existence,reaction,Short hype/venting without reasoning,false,mt45j37,pullpush_comment
"That Dark Star Thresh game mode, that shit was great",reaction,Short hype without reasoning,false,mt45imv,pullpush_comment
"You have good KDA, I'm going to guess you were big on objectives/splitpush and still joined important teamfights. The damage output is often not a good metric of how well you're doing. Also they might have enjoyed the fact you didn't actually troll with Trundle AP.",strategy_tip,Provides actionable gameplay advice on focusing on objectives and splitpushing,false,mt45ign,pullpush_comment
"So? Having a big sponsor like Honda for a couple of years is still a big deal. Even if it’s inevitable, this financial loss DURING a recession is a lot worse than “drawn out and gentle…”",hot_take,post expresses a bold opinion about the impact of financial loss with little supporting evidence,false,mt45g35,pullpush_comment
"Dubs all around for Honda. They get out of a bad deal that is without a doubt wasting money, and they get the good PR of having an extreme reaction to the situation.",reaction,Short hype/venting without reasoning,false,mt45g2n,pullpush_comment
"I recommend starting with the support role. I think it’s the easiest lane to learn the game from. You can play alongside your team and learn the basics without needing strong mechanics or macro knowledge right away. Once you’ve gotten used to the game, it’s not too late to switch to another lane. Just keep in mind that you’ll have to deal with the occasional toxic ADC.",strategy_tip,"Provides actionable advice for learning the game, including a recommended role and considerations for transitioning to other lanes.",false,mt45d00,pullpush_comment
"Social aspect moved on Discord groups, try there.",reaction,short venting without reasoning,false,mt45cwn,pullpush_comment
"Objectively speaking, the game is a lot better nowadays compared from 10 years ago. But man --- gone are the days were league was fun and enjoyable to play",hot_take,mix of objective statement and subjective opinion on enjoyment,false,mt4568g,pullpush_comment
Lol thinking esc money comes even a fraction of Honda might be next level stupidity. Let alone other consequences,hot_take,Confident opinion with little supporting evidence about ESC and Honda,false,mt455al,pullpush_comment
The game is moderated by an AI. If you don't say anything bad it won't mute you.,reaction,"Short statement without gameplay claim or reasoning, seems to be venting about game moderation",false,mt453kn,pullpush_comment
"Lack of culture knowledge. I'm guessing Team Liquid talks with the North American Honda team more and didn't realize how disrespectful using an image from Hiroshima would be in that context. We talk about dropping bombs on people in just general conversation in the US every day, it's often a sports analogy.",hot_take,post includes opinion about cultural differences and Team Liquid's actions with little supporting evidence,false,mt4533n,pullpush_comment
nah even if you play fucking enchanters you climb if you are better than your peers,hot_take,Confident tone with little supporting evidence about climbing with enchanters,false,mt451d6,pullpush_comment
First blood doesn't fo anything anymore though,hot_take,bold opinion with little supporting evidence,false,mt44y4s,pullpush_comment
Not using overlays is actually a HUGE advantage to the diligent player. No overlay only puts you behind if you don't want to improve.,hot_take,Confident tone with little supporting evidence,false,mt44wrq,pullpush_comment
"Maybe a sliiiight overreaction from Honda, but jesus is that a gigantic fuckup. That's not even cooked anymore, that's well done.",reaction,Expresses immediate emotional response to a play with strong language,false,mt44w44,pullpush_comment
"that's definetly not the case if you are silver you are gonna go Up real fast, if you are bronze not so much, just like if your rank IS emeralda but you play like a día 4 It Will take a while it's the same thing just Focus on her learnibg if she wants to climb, like you can reach her literally anything and she climbs out",hot_take,The post expresses a bold opinion about ranking and climbing with little supporting evidence.,false,mt44rz0,pullpush_comment
I’d be shocked if he isn’t gone after this. Guy just cost the entire org significantly more money than he would ever be able to bring in.,hot_take,Confident opinion about a player's future with little supporting evidence,false,mt44rwi,pullpush_comment
"That's your gotcha? You think at extreme tiers like GM/Challengers you get enough people at all hours of the day to create full GM/Challengers lobby at all time. A challengers popping up in a master game isn't a proof that the system is rigged, it's just a limitation that is impossible to avoid unless league as an actually infinite playerbase.",hot_take,"Review fix: Matchmaking opinion, not gameplay tip",false,mt44q72,pullpush_comment
"Ohh, another connoisseur from beta times. I found nothing that scratch the itch like league and i'm enjoing it a lot still. It's like a chess alternative, keeps brain fresh.",reaction,Expresses a feeling of enjoyment and nostalgia without providing gameplay advice or argument,false,mt44pv2,pullpush_comment
I remember being so disappointed when I found out Swarm wasn't like Odyssey 😭,reaction,expresses emotional response to a past event without providing gameplay advice or opinion,false,mt44pl9,pullpush_comment
"Also feel free to read section, 3, 6, 7 and 20 in the patent and tell me how theres no mention of consideration of matchmaking outside of player skill. You also have patent B from activison, however at the end of the day. Theres an overwhelming amount of support and logic for riot using a hybrid version of SBMM and EOMM. And I really fail to see how anyone thinking about this critically could come to any other conclusion. Even every single LM can conclude this without any pre biased input.",hot_take,"The post presents a confident opinion with little supporting evidence, dismissing opposing views and implying that only one conclusion is logical.",false,mt44ofe,pullpush_comment
I think that is TL response after Honda left,reaction,Short emotional response without reasoning,false,mt44o9o,pullpush_comment
yeah it's kinda like people waiting for a reason to break up or smth lol,reaction,short venting without gameplay reasoning,false,mt44mqo,pullpush_comment
I did say it's reasonable that if everything was banned I do think build/rune helper is on the lower side of the scale I do think being knowledgeable about the game to optimize builds should be rewarded yet the presence of these tools may also relieve players off the burden of having to think of their builds in advance and ease newer players into the game (the in game recommendations aren't the most optimal after all),hot_take,Review fix: Opinion on overlay fairness,false,mt44mm9,pullpush_comment
What's your opgg then if this strategy is so good? Surely you have 70+%,hot_take,"Confident tone with little supporting evidence, questioning someone's skill based on their strategy",false,mt44ma3,pullpush_comment
"The game is fun but I'm playing it way more casually then when I was in HS, playing and getting stressed for like 10 rankeds a day. If I wasn't stuck in emerald with toxic diamond Smurfs I would enjoy soloQ a bit more, but playing flex with friends off-role and random aram/brawl/arena it's very fun too",reaction,"Expresses feelings about playing the game casually and enjoying certain modes, without providing actionable gameplay advice",false,mt44inv,pullpush_comment
"bro, what the fuck you on about. If Lebron James send a gif of twin towers blowing up, you bet your ass he loses sponsorship. Jesus christ man",reaction,emotional response with no gameplay claim,false,mt44iki,pullpush_comment
"Why are overlay posts still popping up? They already got rid of ult trackers/timers, what more do ppl want removed?",hot_take,Expresses a bold opinion about the removal of overlay features with little supporting evidence,false,mt44gly,pullpush_comment
"i'm enjoying it. I keep the game fresh by maining different champs every year or so. Gone from Samira to Jhin, Sylas, Ryze and now GP",reaction,short personal statement about enjoying the game and switching mains without providing gameplay advice,false,mt44fgp,pullpush_comment
"I also recommend picking 1-2 easy champs per role, if you find some that feel intuitive, it's even better. ARAM is great for looking for hampions that fit you.",strategy_tip,Provides actionable advice on champion selection,false,mt44e5a,pullpush_comment
Honestly I think you're right. Damn what a colossal fuck up.,reaction,short venting without reasoning,false,mt448lg,pullpush_comment
Woah bud those are very smart people you’re talking about,reaction,Short expression of admiration without specific reasoning,false,mt448h4,pullpush_comment
"Comment above. Deliberate change. You'll no longer hear announcements related to your own death. I kind of get it. Yes league, I'm aware I just died. I didn't need the announcement.",reaction,Short venting without reasoning about a game change,false,mt447fo,pullpush_comment
"To be fair, it was a pretty funny tweet. But the fact that he destroyed his career over this is even funnier. Guy wanted to make a joke so bad, he ended up becoming one.",reaction,Short venting without gameplay reasoning,false,mt446st,pullpush_comment
Imagine being a teammate of this guy and he just loses you a sponsors that in the name of your time in his first week That guy probably cost everyone else a lot money,reaction,Expresses frustration and emotional response to a teammate's performance,false,mt445ib,pullpush_comment
NA is the easiest server I ever played in. Got to masters w 150 ping,hot_take,Confident opinion about server difficulty with little supporting evidence,false,mt43zns,pullpush_comment
Will he be subjected to any legal actions?,reaction,The question does not relate to League of Legends gameplay,false,mt43yzu,pullpush_comment
"It being an overreaction completely depends on the reaction of Japanese fans. If enough of them are angry about this and want the sponsor dropped, then the choice becomes obvious.",hot_take,post expresses a bold opinion with little supporting evidence,false,mt43x9l,pullpush_comment
If you read the post you would know he posted a gif,reaction,"Short response without reasoning, likely reacting to a gif",false,mt43vw8,pullpush_comment
"Unfortunately, no It still means a lot to me, still watch some pro games, and I have a good time playing when friends ask. Don’t foresee myself ever playing much alone anymore, unfortunately. 34 now, too much else i could do that I find more joy in and/or is more productive.",reaction,Expresses a personal emotional response to their current relationship with the game,false,mt43s9l,pullpush_comment
This isn't on the same level but it reminds me of everyone swearing losing FTX wasn't gonna do anything to TSM. A sudden loss of revenue when your main way of making money is by getting sponsors is gonna hurt no matter what.,hot_take,opinion about team revenue and sponsor impact without specific evidence,false,mt43qw5,pullpush_comment
"Recession: “a significant decline in economic activity spread across the market, lasting more than a few months, normally visible in real GDP”",reaction,off-topic post with no relation to League of Legends,false,mt43pqj,pullpush_comment
"I want to precise that the effect of the ""/mute all"" movement isn't only felt in people actually muting all, but also encourage people from interacting in chat. I'm pretty certain a vast majority of players do not deafen at the beginning of the game but that is a very common advice I see peddled around that discourage people from interacting.",hot_take,Review fix: Community/meta opinion about muting,false,mt43pl9,pullpush_comment
As Team Liquid I am shocked that he wasn't immediately let go... Why would I piss off my most obvious brand partner for some player I have had for 1 week.,hot_take,Confident opinion about team management with little supporting evidence,false,mt43mv3,pullpush_comment
Europeans 🤝 Brazilians Being edgy as fuck on the internet,reaction,Short venting without reasoning,false,mt43i9j,pullpush_comment
You can only find that gif when you search Hiroshima not imploding. Keep on being dumb,reaction,short venting without gameplay reasoning,false,mt43hyb,pullpush_comment
It has nothing in common with Aram except there being one lane,reaction,short statement without providing gameplay reasoning or advice,false,mt43g7z,pullpush_comment
"Just out of curisity, did you read the entire patent? Noone in their right mind can ever believe league is pure SBMM. Because this is instantly verified by the fact you get instances of challenger players vs Master. The only thing to be discussed is its degree",hot_take,"The post expresses a bold opinion about League's matchmaking system with a confident tone, but lacks specific evidence or in-game reasoning to support the claim.",false,mt43exc,pullpush_comment
"But the League team isn't succesful financially right? TL poured tens of millions into League and is never earning that back with the region averaging less than 70k viewers, many if whom are not even from the target region. Seems highly unrealistic to assume that the League division is an exception for budget cuts that the sponsorship loss will cause.",hot_take,Post presents opinion about financial success with some data but lacks concrete evidence and actionable advice,false,mt43e2q,pullpush_comment
"Ayyyyup. ""...and I understand that it may have caused discomfort to many people. From the bottom of my heart It was never my intention to make any offensive reference...."" Boilerplate ""Oh, i didn't mean to"" bs that is lodged in every single one of these ""apologies"". It baffles me that PR agencies haven't yet clued in that this is terrible.",hot_take,Bold opinion about PR apologies with confident tone and little supporting evidence,false,mt43d2k,pullpush_comment
"Any role is good though you'll learn slightly different things in different roles, especially when it comes to learning to play against different champs! I'm a supp main but would probably recommend staying away from support/ADC if you're not looking to tilt constantly since bot lane relies heavily on how your random duo does LOL",strategy_tip,Provides advice on role selection with consideration of gameplay experience and tilt management,false,mt439gl,pullpush_comment
"i loved nemesis draft. Picking for enemy teams is my thing! Plus it could be a hexakill nemesis draft, with black market brawlers items. A total fun shit :)",reaction,short hype without reasoning,false,mt439gt,pullpush_comment
Half a year? She is 53%+ winrate for 2 years,hot_take,Confident tone with little supporting evidence about a champion's winrate,false,mt439db,pullpush_comment
"Yea, I don't know what's going on, but now it's invincible for a few seconds for some reason.",reaction,Expresses confusion and frustration without providing actionable advice or evidence,false,mt438yf,pullpush_comment
I guess they went through with it despite the 4 months deduction. Guess it wasn't enough.,reaction,Short emotional response without specific gameplay reasoning,false,mt437yy,pullpush_comment
"If you think thats not a solokill then you are just as 'live in denial'. Also, even if i was a bot, showing an offical match in an official Riot tournament WHICH REALLY HAPPENED is more than enough to justify my point.",hot_take,"Confident tone with little supporting evidence, despite mentioning an official match",false,mt435ze,pullpush_comment
Ah yes a voiceover change is the exact same thing as completely changing the game,hot_take,Bold opinion with little supporting evidence,false,mt435vw,pullpush_comment
"yes, it's a fun mode, I just didn't really understand a buff with so few points left for both halves at the end of the game like that, it practically gave the victory to the enemy team",reaction,Expresses emotional response to a game moment without providing actionable advice,false,mt435we,pullpush_comment
"This guy is a R6 player But also, I think LoL players might the most paid in all of esport so it's a trade off I guess",hot_take,bold opinion about LoL player pay with little supporting evidence,false,mt434u7,pullpush_comment
"Server: NA Type of bug: Client-Challenges Description: Once hitting Mastery with champions they aren't checked off in the Virtuoso challenges meaning you can't get the title or the points for it. Expected Result: To have them checked off and get points/titles for getting them Mastery 5-10 Observed Result: You get the champion title for Mastery 10, but it isn't checked off in the Virtuoso challenges. Reproduction rate: Every champion that I have Mastered up from 5-10 this patch.",reaction,Post reports a bug without providing gameplay advice or opinion,false,mt432vb,pullpush_comment
To ask as you may know - it seems there are 2 conflicting images being posted of the tweet One is a mushroom cloud explosion and one is a nuclear bomb falling on a city. Is one of these tweets fake? The jp responses are all posting the bomb falling onto a city but all the news ‘articles’ show just the explosion one. One seems a lot more malicious than the other,reaction,"post expresses concern and confusion, but lacks specific gameplay advice or opinion about League of Legends",false,mt432qh,pullpush_comment
"I just wish wed finally get some defensive ap items again. Not just some slapped on health, truly ap bruiser items. Its insane to me that we only have one item each that give armor/mr and ap",hot_take,post expresses a bold opinion about item balance with little supporting evidence,false,mt4326s,pullpush_comment
"He didn't mean to insult. The nuke was followed by admitting defeat. It's not Dias and Team Liquid nuking CAG (The Japanese team). The implication is that Team Liquid and Dias got nuked. The atomic mistake was beint oblivious to the significance of the atomic bomb, in the context of a Japanese team or anyone from Japan. But being a young adult far removed (In both country and time), from that tragic incident, 80 years ago, I don't blame him.",reaction,"post is an emotional response to a situation, explaining and justifying someone's actions",false,mt43273,pullpush_comment
I would say this season is the season I enjoy the most since the last 6 years or so.,reaction,"Review fix: Personal enjoyment vent, not balance claim",false,mt4308x,pullpush_comment
"Not a fact, Faker have indeed solo killed Chovy before as seen here: [https://www.youtube.com/live/J9ckJjCWMXs?si=69n6Bt5K\_IaymmDK&t=19362](https://www.youtube.com/live/J9ckJjCWMXs?si=69n6Bt5K_IaymmDK&t=19362)",reaction,short hype/venting without in-depth gameplay reasoning,false,mt42ypa,pullpush_comment
"""Good excuse to drop sponsorship"" Lack of empathy here is insane",reaction,short emotional response without reasoning,false,mt42xy9,pullpush_comment
We will keep Jinx overpowered until Arcane is finished.,hot_take,Confident tone with little supporting evidence about balance decision,false,mt42xq3,pullpush_comment
Surely the player with 0 Worlds Finals appearances isn't the final boss,hot_take,bold opinion about a player with little supporting evidence,false,mt42xau,pullpush_comment
"Go on twitter click on gifs and type in ""bomb"", is the second result.",reaction,"The statement lacks specific in-game reasoning or actionable advice, and appears to be a casual, emotional, or attention-grabbing comment.",false,mt42vt4,pullpush_comment
"Finally, I will not be hearing Team Liquid HONDA every damn time!",reaction,"Expresses relief, an emotional response to a change",false,mt42vnd,pullpush_comment
They should just add 100 health points to the team bar,hot_take,bold opinion with little supporting evidence,false,mt42udu,pullpush_comment
Me when I fall for the most obvious excuse.,reaction,Short venting without reasoning,false,mt42ua8,pullpush_comment
If it was a non Japanophobic slur it might have been better.,reaction,Emotional response without providing gameplay advice or evidence,false,mt42ts2,pullpush_comment
"This, absolutely, I think its when he maxes Q or something that their health or resistance goes up or maybe it has to do with level scaling. Maybe the best way to counter him is to just take characters with good wave clear or AOE that can clear them fast. What annoys me especially with them is that they trigger Conqueror meaning that one E with 4 or 3 ghouls is pretty much enough to get it max stacks.",strategy_tip,post provides actionable advice on countering a champion with specific gameplay reasoning,false,mt42thv,pullpush_comment
[https://www.youtube.com/live/J9ckJjCWMXs?si=69n6Bt5K\_IaymmDK&t=19362](https://www.youtube.com/live/J9ckJjCWMXs?si=69n6Bt5K_IaymmDK&t=19362),reaction,link to a youtube video with no accompanying text or explanation,false,mt42t5z,pullpush_comment
"Agreed. I feel like every game I type multiple times ""press b to heal"" because after a skirmish my team will stick around at 1/2 hp doing nothing waiting for the next fight. Even backing to heal and buy a ruby crystal could win us the next skirmish.",strategy_tip,Provides actionable advice on backing to heal and buy items to gain an advantage in the next skirmish,false,mt42rdl,pullpush_comment
"Meh I think it depends on the game, being a fighting game pro sounds chill as hell, even though they do work hard, etc. Being a league player sounds like it blows, there was a piece that the lpl put out where they asked the players how much time they get off and they said like 1-2 days a month.",hot_take,The post expresses a bold opinion about being a League player with little supporting evidence.,false,mt42p62,pullpush_comment
It's very simple it's because you'd play the game less if they made that an option. How often do people have the client open but end up playing a game once a person messages them? Riot wants you to play more and the social component is a huge driver of people playing the game. It's not because they can't code the feature that's patently ridiculous.,hot_take,Confident opinion about Riot's motivations with little supporting evidence,false,mt42ox3,pullpush_comment
"now you will get your asshole gaped so big the entire planet will fit for the next 100 games and u will be flamed every single game ur mental fortitude will be forged in literal hell and its up to you what type of person will come out on the other side, will you learn and improve and rise to the challenge or will you be a defeated toxic hardstuck bronze bitch forever (im hardstuck bronze)",reaction,Emotional venting with no specific gameplay advice,false,mt42n67,pullpush_comment
I love how there have literally been instances live on stream of people getting chat banned for typing the name of an item in the video game league of legends and you people will still say dOnT bE tOxIc keep sucking off your ccp company,reaction,Expresses emotional response and frustration without providing actionable advice or evidence,false,mt42mz8,pullpush_comment
Or something like this is a big deal in Japan and they are doing damage control fast.,reaction,Short emotional response without specific gameplay claim or reasoning,false,mt42kqp,pullpush_comment
"They should've kicked him from the get go instead of only posting a PR apology, that might've saved their sponsorship...",reaction,Emotional response to a situation without providing specific gameplay advice or evidence,false,mt42kax,pullpush_comment
"Every human being personally likes something more than another thing, it’s not that crazy",reaction,short emotional response without specific gameplay claim,false,mt42jq7,pullpush_comment
"I think it's related to team HP, how many points did each of you had left? In any case, don't overthink it, it's a for fun mode that can't be taken seriously",reaction,"short emotional response to a play, no specific gameplay advice",false,mt42j2a,pullpush_comment
"True, I think one of his flaws is that he doesn't have mobility but that is made up for by picking ghost. Summoners are kinda made to make up for flaws with the charachter but when there seems to be so few it seems kinda busted.",hot_take,The post expresses a bold opinion about champion balance with little supporting evidence.,false,mt42im1,pullpush_comment
i really think people are looking back with rose colored glasses. i think people look back fondly on times they were younger rather than those times actually being significantly better,hot_take,opinion about people's perception of the past with no supporting evidence,false,mt42gw9,pullpush_comment
I mean the format worked for DIG - they made top 6 after improving over the course of the year.,hot_take,Confident opinion about team performance with little supporting evidence,false,mt42gd5,pullpush_comment
completely avoidable by anyone with half a brain,reaction,short venting phrase without gameplay reasoning,false,mt42g18,pullpush_comment
Does it? If you're mage on 6 items you literally chose between one shotting someone and one shotting someone a bit harder lol.,hot_take,Confident tone with little supporting evidence about mage itemization,false,mt42fnz,pullpush_comment
You mean a response like this? https://teamliquid.com/news/team-liquid-statement-on-recent-social-media-post-by-diaslucasbr,reaction,The provided link appears to be an external news article and does not contain a specific post or comment to classify.,false,mt42efk,pullpush_comment
"It's fine until big sponsor money gets involved. If any Org has Japanese sponsors, would they want to touch this guy?",hot_take,post expresses a bold opinion about the potential impact of sponsor money on an organization's decision-making,false,mt42e2h,pullpush_comment
"Not Deft, Deft was doing very good against UZI in 2015-2016 in China. He is legit the only one that have this in his pedigree",hot_take,Statement about Deft's performance is an opinion with some historical context but lacks specific in-game reasoning or evidence,false,mt42cdh,pullpush_comment
"> It's so obvious to me that when you take away people's ability to vent, even imperfectly, they're just gonna find other, often worse, ways to express it. That's fine, let them afk/int. Ideally they'll get banned for it so I don't have to encounter them again. There shouldn't be a need to let players vent. If the video game makes you angry, find something else to do. You're the one with a problem.",hot_take,Confident opinion about player behavior with little supporting evidence,false,mt42cd7,pullpush_comment
"Not only at a Japanese team, but your team's main sponsor is a Japanese company.",reaction,Short statement without gameplay claim or reasoning,false,mt42ahr,pullpush_comment
This is even more tragic when you consider it’s from some Brazilian guy who just joined the org in one of their least relevant games.,reaction,Expresses feeling and emotional response to a situation without providing gameplay advice or evidence,false,mt428gz,pullpush_comment
"The best role is role you enjoy the most, which is usually tied to the type of champions you enjoy playing. If you want the role with the least stuff happening outside of laning, it will probably be top lane. Top is the lane with the least interaction (jungle is running everywhere, mid is in the center/crossroad of the map, bot is 2v2)",strategy_tip,Provides actionable advice on role selection based on player preference and lane characteristics,false,mt427mg,pullpush_comment
you can say that about every mode where 5 stack is possible,reaction,short statement without specific gameplay advice or evidence,false,mt427eh,pullpush_comment
"Yeah true, i recently played Gwen against Mundo and it was so unfair He couldn't do anything",reaction,short venting without specific gameplay reasoning,false,mt426e8,pullpush_comment
You play in Korean Emerald?! That's sounds terrifying,reaction,Expresses fear without providing gameplay advice or opinion,false,mt425nw,pullpush_comment
"I’ve always thought it was too little too late. I’ve had this happen before but it didn’t help us win. Sucks in your case though, that’s dumb",reaction,expresses emotional response and sympathy without providing gameplay advice,false,mt422xq,pullpush_comment
I'm gonna wait it out until it hits the Mythic Shop.,reaction,Short hype or venting without reasoning,false,mt422s0,pullpush_comment
I don’t have fun when I lose 30 lp for no reason in plat 1 with normal mmr. Like my mmr was completely normal 3 months ago. And when I came back to the game it was fucked.,reaction,Expresses frustration and emotional response to a personal experience with no specific gameplay advice or evidence,false,mt421f8,pullpush_comment
"TL are unprofessional morons for not firing the player for this. I get it, esports is stupid and not taken seriously by anyone, but stuff like this can't go basically unpunished. An apology isn't enough for this embarrassing bs, there needs to be actual punishments if not straight up firing, like benching or deducted salary.",hot_take,Bold opinion with confident tone and little supporting evidence,false,mt421aa,pullpush_comment
"I quit brawl, they changed their balance approach to it so it now interferes with game sense. It was great fun before that though, and is still a great option if you don’t mind the game sense thing.",hot_take,Post expresses opinion about balance approach and game sense with little supporting evidence,false,mt42011,pullpush_comment
I agree. Plus we are not talking about something as wide and modular as WoW addons. It's about some fixed QoL features that ALWAYS do good to the game and player experience.,hot_take,Confident opinion with little supporting evidence,false,mt41zcm,pullpush_comment
"I don't play league anymore, so they can do what they want :/",reaction,Short venting without reasoning,false,mt41yr2,pullpush_comment
It definitely looks deliberate but I'm sure he wasn't thinking about who sponsors the org and what the repercussions might be. At best it was his idea of a joke but it's a joke of poor taste especially for a player signed to a major esports team.,hot_take,post expresses opinion with little supporting evidence,false,mt41v70,pullpush_comment
I was thinking the same thing to be honest. It is a stupid ass post though.,reaction,short venting without reasoning,false,mt41q7f,pullpush_comment
GIVE AS AN AD ANTI-TANK ITEM PLEASE RIOT,reaction,short venting without reasoning,false,mt41pbt,pullpush_comment
Some people don't know how good they have it. Literally the dream job for millions of young kids.,reaction,Short emotional response without specific gameplay claim or reasoning,false,mt41n4u,pullpush_comment
"Yeah, I just play it to pass time you know. Challenge myself a bit, toxic players are okay to me hahaha their comments can be funny sometimes, i dont know maybe im just not competitive, thats why its fun for me",reaction,"Short emotional response to playing League of Legends, expressing feelings without argument or gameplay claim",false,mt41mz7,pullpush_comment
My friend got the last kill with Redemption on Janna Absolute cinema.,reaction,Expresses excitement and emotion without providing gameplay advice or analysis,false,mt41mux,pullpush_comment
Teamfights don't work without objectives,strategy_tip,Provides actionable advice on teamfighting with a focus on objectives,false,mt41mqm,pullpush_comment
Japan corps are the most likely to act based on principles and tradition. Even if they got x10 return they would likely get a good return if they went for another esport org after liquid. I also agree that everything has a price but I don't think that the opportunity cost for cancelling the sponsorship is particularly big for Honda even if it was a profitable sponsorship within reason.,hot_take,Post expresses a bold opinion about a company's behavior with little supporting evidence,false,mt41m97,pullpush_comment
"FUN FACT: Chovy is considered one of the best mid laner of all time, yet he has not been in a worlds final in all these years, when faker already won 3 in the first 4 years playing",hot_take,opinion about Chovy and Faker with little supporting evidence,false,mt41kiq,pullpush_comment
The absurd part is that Impact needs him in the country to play well. This guy had a decade long career without Spawn.,hot_take,Bold opinion about a player's performance with little supporting evidence,false,mt41k4y,pullpush_comment
"Built stuff isn't unfair imo, runes and items are both things riot already assists you with and what professor and other overlays provide is less than a good mobafire page on a second monitor",hot_take,Confident opinion about balance with little supporting evidence,false,mt41jce,pullpush_comment
"I think mid is the best role to learn the game. With that said, mid is also an important role so there will be some growing pains as people blame you for not being born having expert knowledge. Honestly just mute chat and play any role and put the hours in, everything else will come to you over time.",strategy_tip,Provides actionable advice on learning the game and dealing with criticism,false,mt41j6w,pullpush_comment
"Except it’s on average the best competition across the entire Esport. In fact I would argue that lck has a higher percentage of strong teams than worlds does, because they have na/eu/wildcard teams. So worlds means more because they have to beat up nobodies to get there?",hot_take,Confident opinion about LCK and Worlds competition with little supporting evidence,false,mt41ifd,pullpush_comment
"Yeah... I guess there's the chance that it truly is just a very dumb mistake. The issue is that you can either see it as A) Absolutely disgusting behaviour or B) Dumb and tone-deaf mistake, there's no in between and no Japanese (or Japanese company) will see it as B).",hot_take,"Post presents a bold opinion with little supporting evidence, discussing behavior and cultural perceptions.",false,mt41i3e,pullpush_comment
Check your DNS settings and set it to cloudfare or google dns. Remove background downloads and run hextech repair tool. Else you gotta contact your ISP to sort out packet loss,reaction,"Review fix: Client troubleshooting, not in-game strategy",false,mt41gj6,pullpush_comment
"AP trundle, now that’s some troll king behavior 😂",reaction,Short venting/hype with no gameplay reasoning,false,mt41ghh,pullpush_comment
"Guess it depends how many jp customers they lose due to it. Its hard to gauge how big the story is on the japanese news site, but I guess the risk is that it becomes national news and a huge deal for the company - vs 1 sponsor that may provide (at best) say something like $10 million extra profit(which would be shockly high). The company doesnt really need that 10mill vs the 100s mill from japanese consumers",hot_take,post contains opinion and speculation about company decisions and financials with little supporting evidence,false,mt41g59,pullpush_comment
"brazillians like to joke a lot, about everything, im not defending him but if i had to guess he meant no ill at all. but posting something like that on twitter is next level stupid",reaction,short emotional response to a situation without providing gameplay advice or evidence,false,mt41eyh,pullpush_comment
"How is he the bot in this case? This subreddit is cooked with ""humans"" like you faffing about",reaction,Short venting without reasoning,false,mt41end,pullpush_comment
Bro reading statistics is not the whole job... Understanding them and get them into context is what makes a statistic complete. League dota and other mobas are all loosing their playerbase. Just saying noone goes from league to dota bcs the dota playerbase is declining is so stupid honestly,hot_take,"The post expresses a bold opinion about the playerbase of League and Dota with a confident tone, but lacks specific evidence or actionable advice.",false,mt41dm9,pullpush_comment
"There is a way to simply do it. Send me a dm and I’ll send it to you when I get home. Nothing needs to be downloaded or installed, and no game file needs to be touched.",reaction,Review fix: Help request about client setup,false,mt41chr,pullpush_comment
"Fml i saw 2020 and was like ""oh yea, that wasnt too long ago, lets check it out"" and then the video is 5 years ago... What the fuck man",reaction,Expresses immediate emotional response and frustration,false,mt41c9m,pullpush_comment
What is your fps? I know there's a rubber banding bug above like 300 fps,reaction,Review fix: Technical client bug report,false,mt41bzo,pullpush_comment
It’s the pic that really did it sadly. Imagine if this was against a Chinese team and he tweeted “gg” and added a pic something related to nanking.,reaction,emotional response to a tweet and its implications,false,mt41998,pullpush_comment
Its still fun but I exclusively play normal draft and play a very limited pool of champs that I enjoy regardless of win or loss. I would be having significantly less fun if I was playing ranked.,reaction,Expresses a personal feeling about their gameplay experience,false,mt418fq,pullpush_comment
"I’ve played for over 16 years, I still have fun. I did have to change approach some to retain the fun. My main is gold, I troll around and have fun with friends. My highest alt account is emerald 1 now after decay, and I hit d3 after a few weeks of tryharding on said alt (would say Smurf if it wasn’t for how riot defines it)",reaction,"The post expresses a personal experience and emotional response to playing the game, without providing specific gameplay advice or opinion with supporting evidence.",false,mt416qd,pullpush_comment
Lmao this was just a pretext for the sponsor to gtfo,reaction,Short venting without reasoning,false,mt416mc,pullpush_comment
"I think it shows enemy buff timers, which could theoretically be timed by clicking on the enemy JG when he appears.",hot_take,Review fix: Opinion about overlay tools,false,mt4162p,pullpush_comment
